{
	"Targets": [
		{
			"Name": "DotNetPerforceLib",
			"Path": "C:\\Program Files\\Epic Games\\UE_5.2\\Engine\\Source\\Programs\\Shared\\EpicGames.Perforce.Native\\DotNetPerforceLib.Target.cs",
			"Type": "Program"
		},
		{
			"Name": "UnrealHeaderTool",
			"Path": "C:\\Program Files\\Epic Games\\UE_5.2\\Engine\\Source\\Programs\\UnrealHeaderTool\\UnrealHeaderTool.Target.cs",
			"Type": "Program"
		},
		{
			"Name": "UnrealEditor",
			"Path": "C:\\Program Files\\Epic Games\\UE_5.2\\Engine\\Source\\UnrealEditor.Target.cs",
			"Type": "Editor"
		},
		{
			"Name": "UnrealGame",
			"Path": "C:\\Program Files\\Epic Games\\UE_5.2\\Engine\\Source\\UnrealGame.Target.cs",
			"Type": "Game"
		}
	]
}